{
  "GARCH(1,1)": {
    "AIC": 14091.196979469387,
    "BIC": 14120.183435837123,
    "parameters": {
      "mu": -0.03712826218717638,
      "omega": 2.200269168967479,
      "alpha[1]": 0.18320063590661598,
      "beta[1]": 0.7561537688780201,
      "nu": 3.860703858162314
    },
    "leverage_effect": null
  },
  "TARCH(1,1)": {
    "AIC": 14093.131066139911,
    "BIC": 14127.914813781195,
    "parameters": {
      "mu": -0.033989988615980994,
      "omega": 2.1836793571628026,
      "alpha[1]": 0.18630281288526243,
      "gamma[1]": -0.010422009912349421,
      "beta[1]": 0.7581084106026702,
      "nu": 3.8625445534630827
    },
    "leverage_effect": -0.010422009912349421
  },
  "TARCH-X": {
    "AIC": 14092.420948466926,
    "BIC": 14150.393861202401,
    "parameters": {
      "omega": 2.021224381252901,
      "alpha": 0.17436763598103663,
      "gamma": -0.03306733091601938,
      "beta": 0.772333593320109,
      "nu": 3.9666436215085743,
      "D_infrastructure": 3.371924002368536,
      "D_regulatory": -0.0001685275535980926,
      "S_gdelt_normalized": -0.3904295997077979,
      "S_reg_decomposed": -0.25855209597798945,
      "S_infra_decomposed": 2.0221217612313254
    },
    "leverage_effect": -0.03306733091601938
  }
}