{
  "GARCH(1,1)": {
    "AIC": 11400.368080629072,
    "BIC": 11428.82864732705,
    "parameters": {
      "mu": 0.11373863635301379,
      "omega": 0.4944224799191745,
      "alpha[1]": 0.15638119091139302,
      "beta[1]": 0.8402127745754039,
      "nu": 3.50178730842563
    },
    "leverage_effect": null
  },
  "TARCH(1,1)": {
    "AIC": 11400.936061284963,
    "BIC": 11435.088741322535,
    "parameters": {
      "mu": 0.12440526636296034,
      "omega": 0.43542493348493705,
      "alpha[1]": 0.1659160785028272,
      "gamma[1]": -0.03899210625453271,
      "beta[1]": 0.8521069612254066,
      "nu": 3.4969065229483776
    },
    "leverage_effect": -0.03899210625453271
  },
  "TARCH-X": {
    "AIC": 11400.491846496863,
    "BIC": 11457.412979892817,
    "parameters": {
      "omega": 0.4643838548198681,
      "alpha": 0.15422198024487754,
      "gamma": -0.01698895722703655,
      "beta": 0.8362835411416042,
      "nu": 3.649515781238317,
      "D_infrastructure": 1.4989224847013447,
      "D_regulatory": 0.1645170197704718,
      "S_gdelt_normalized": 0.16223856647321175,
      "S_reg_decomposed": -0.952467665433466,
      "S_infra_decomposed": 0.34411620361665946
    },
    "leverage_effect": -0.01698895722703655
  }
}