{
  "GARCH(1,1)": {
    "AIC": 11400.368080629072,
    "BIC": 11428.82864732705,
    "parameters": {
      "mu": 0.11373863635301379,
      "omega": 0.4944224799191745,
      "alpha[1]": 0.15638119091139302,
      "beta[1]": 0.8402127745754039,
      "nu": 3.50178730842563
    },
    "leverage_effect": null
  },
  "TARCH(1,1)": {
    "AIC": 11400.936061284963,
    "BIC": 11435.088741322535,
    "parameters": {
      "mu": 0.12440526636296034,
      "omega": 0.43542493348493705,
      "alpha[1]": 0.1659160785028272,
      "gamma[1]": -0.03899210625453271,
      "beta[1]": 0.8521069612254066,
      "nu": 3.4969065229483776
    },
    "leverage_effect": -0.03899210625453271
  },
  "TARCH-X": {
    "AIC": 11399.528218362995,
    "BIC": 11456.449351758949,
    "parameters": {
      "omega": 0.413978974279071,
      "alpha": 0.16991733754482224,
      "gamma": -0.04536229719480687,
      "beta": 0.8442721378882965,
      "nu": 3.5569582754967946,
      "D_infrastructure": 1.4467331610939003,
      "D_regulatory": 0.16253785318006433,
      "S_gdelt_normalized": 0.1514666588722892,
      "S_reg_decomposed": -0.9132530662131413,
      "S_infra_decomposed": 0.3716887950795078
    },
    "leverage_effect": -0.04536229719480687
  }
}