{
  "GARCH(1,1)": {
    "AIC": 11904.018946378477,
    "BIC": 11933.005402746214,
    "parameters": {
      "mu": 0.09140015174023708,
      "omega": 0.18014880854456627,
      "alpha[1]": 0.06903940409670603,
      "beta[1]": 0.9309605959032936,
      "nu": 2.961217256013742
    },
    "leverage_effect": null
  },
  "TARCH(1,1)": {
    "AIC": 11905.61452547195,
    "BIC": 11940.398273113235,
    "parameters": {
      "mu": 0.09300396072188806,
      "omega": 0.16081434076861773,
      "alpha[1]": 0.070900182983866,
      "gamma[1]": -0.012052042928561303,
      "beta[1]": 0.9351258384801855,
      "nu": 2.969963364262844
    },
    "leverage_effect": -0.012052042928561303
  },
  "TARCH-X": {
    "AIC": 11900.002244443593,
    "BIC": 11957.975157179068,
    "parameters": {
      "omega": 0.15286130628808878,
      "alpha": 0.08292368697167302,
      "gamma": -0.013226449376900214,
      "beta": 0.9272967608494685,
      "nu": 2.830527546177269,
      "D_infrastructure": 1.1251444194703286,
      "D_regulatory": 0.3170207508283179,
      "S_gdelt_normalized": -0.001685444921131196,
      "S_reg_decomposed": 0.3640000867657697,
      "S_infra_decomposed": -0.08253626174572476
    },
    "leverage_effect": -0.013226449376900214
  }
}