{
  "GARCH(1,1)": {
    "AIC": 11904.018946378477,
    "BIC": 11933.005402746214,
    "parameters": {
      "mu": 0.09140015174023708,
      "omega": 0.18014880854456627,
      "alpha[1]": 0.06903940409670603,
      "beta[1]": 0.9309605959032936,
      "nu": 2.961217256013742
    },
    "leverage_effect": null
  },
  "TARCH(1,1)": {
    "AIC": 11905.61452547195,
    "BIC": 11940.398273113235,
    "parameters": {
      "mu": 0.09300396072188806,
      "omega": 0.16081434076861773,
      "alpha[1]": 0.070900182983866,
      "gamma[1]": -0.012052042928561303,
      "beta[1]": 0.9351258384801855,
      "nu": 2.969963364262844
    },
    "leverage_effect": -0.012052042928561303
  },
  "TARCH-X": {
    "AIC": 11900.351676021144,
    "BIC": 11958.324588756619,
    "parameters": {
      "omega": 0.18949881328750562,
      "alpha": 0.07770144452458826,
      "gamma": -0.00048661137892729776,
      "beta": 0.9210552497859481,
      "nu": 2.8781526478690327,
      "D_infrastructure": 1.1908337289461544,
      "D_regulatory": 0.31149620772882164,
      "S_gdelt_normalized": 0.005975301564351952,
      "S_reg_decomposed": 0.32034889471142564,
      "S_infra_decomposed": -0.04201943303042119
    },
    "leverage_effect": -0.00048661137892729776
  }
}