{
  "GARCH(1,1)": {
    "AIC": 13344.705183872036,
    "BIC": 13373.691640239773,
    "parameters": {
      "mu": 0.12256574920262649,
      "omega": 0.46474096199799453,
      "alpha[1]": 0.09413414796244149,
      "beta[1]": 0.9016554234906928,
      "nu": 3.2672559382249324
    },
    "leverage_effect": null
  },
  "TARCH(1,1)": {
    "AIC": 13346.557471143304,
    "BIC": 13381.341218784588,
    "parameters": {
      "mu": 0.12412515763150114,
      "omega": 0.403806031383946,
      "alpha[1]": 0.09424552764027862,
      "gamma[1]": -0.009842104038389872,
      "beta[1]": 0.9084515554903229,
      "nu": 3.2662009991381233
    },
    "leverage_effect": -0.009842104038389872
  },
  "TARCH-X": {
    "AIC": 13329.356970068233,
    "BIC": 13387.329882803708,
    "parameters": {
      "omega": 0.2633318905528119,
      "alpha": 0.08030966668527229,
      "gamma": -0.014616102078656223,
      "beta": 0.9133152508653611,
      "nu": 3.4009137816706803,
      "D_infrastructure": 2.8008323915228166,
      "D_regulatory": 0.5506585432674359,
      "S_gdelt_normalized": 0.310276524718837,
      "S_reg_decomposed": -0.2962951258619545,
      "S_infra_decomposed": -0.4265894312332907
    },
    "leverage_effect": -0.014616102078656223
  }
}