{
  "GARCH(1,1)": {
    "AIC": 13344.705183872036,
    "BIC": 13373.691640239773,
    "parameters": {
      "mu": 0.12256574920262649,
      "omega": 0.46474096199799453,
      "alpha[1]": 0.09413414796244149,
      "beta[1]": 0.9016554234906928,
      "nu": 3.2672559382249324
    },
    "leverage_effect": null
  },
  "TARCH(1,1)": {
    "AIC": 13346.557471143304,
    "BIC": 13381.341218784588,
    "parameters": {
      "mu": 0.12412515763150114,
      "omega": 0.403806031383946,
      "alpha[1]": 0.09424552764027862,
      "gamma[1]": -0.009842104038389872,
      "beta[1]": 0.9084515554903229,
      "nu": 3.2662009991381233
    },
    "leverage_effect": -0.009842104038389872
  },
  "TARCH-X": {
    "AIC": 13329.362172454366,
    "BIC": 13387.335085189841,
    "parameters": {
      "omega": 0.27127840309720097,
      "alpha": 0.07992015114926047,
      "gamma": -0.013291228147676772,
      "beta": 0.9124342347769011,
      "nu": 3.4062624612900128,
      "D_infrastructure": 2.8140787326171743,
      "D_regulatory": 0.5549070258133338,
      "S_gdelt_normalized": 0.3129066656111678,
      "S_reg_decomposed": -0.30975751141621155,
      "S_infra_decomposed": -0.4199566034869467
    },
    "leverage_effect": -0.013291228147676772
  }
}