{
  "GARCH(1,1)": {
    "AIC": 13779.84145850726,
    "BIC": 13808.827914874997,
    "parameters": {
      "mu": 0.08822339960729421,
      "omega": 0.97720467660594,
      "alpha[1]": 0.09889658874502683,
      "beta[1]": 0.8759618432336,
      "nu": 3.326096626025245
    },
    "leverage_effect": null
  },
  "TARCH(1,1)": {
    "AIC": 13773.559466415585,
    "BIC": 13808.34321405687,
    "parameters": {
      "mu": 0.11991869084657099,
      "omega": 0.7422957841764964,
      "alpha[1]": 0.12051894789486381,
      "gamma[1]": -0.06576304044302445,
      "beta[1]": 0.8964216390426634,
      "nu": 3.336958848968854
    },
    "leverage_effect": -0.06576304044302445
  },
  "TARCH-X": {
    "AIC": 13773.224474877034,
    "BIC": 13831.197387612508,
    "parameters": {
      "omega": 0.9806379345069429,
      "alpha": 0.10465357602280323,
      "gamma": -0.04048324521825905,
      "beta": 0.8741048013680809,
      "nu": 3.4667388067854885,
      "D_infrastructure": 2.917150557245674,
      "D_regulatory": 0.049307324281733386,
      "S_gdelt_normalized": 0.04547357501397706,
      "S_reg_decomposed": 0.08835826216884769,
      "S_infra_decomposed": 0.20366759385753658
    },
    "leverage_effect": -0.04048324521825905
  }
}