{
  "GARCH(1,1)": {
    "AIC": 13779.84145850726,
    "BIC": 13808.827914874997,
    "parameters": {
      "mu": 0.08822339960729421,
      "omega": 0.97720467660594,
      "alpha[1]": 0.09889658874502683,
      "beta[1]": 0.8759618432336,
      "nu": 3.326096626025245
    },
    "leverage_effect": null
  },
  "TARCH(1,1)": {
    "AIC": 13773.559466415585,
    "BIC": 13808.34321405687,
    "parameters": {
      "mu": 0.11991869084657099,
      "omega": 0.7422957841764964,
      "alpha[1]": 0.12051894789486381,
      "gamma[1]": -0.06576304044302445,
      "beta[1]": 0.8964216390426634,
      "nu": 3.336958848968854
    },
    "leverage_effect": -0.06576304044302445
  },
  "TARCH-X": {
    "AIC": 13772.195239035002,
    "BIC": 13830.168151770476,
    "parameters": {
      "omega": 0.8553480207081278,
      "alpha": 0.11622120881708174,
      "gamma": -0.06084054760127021,
      "beta": 0.8834258288447099,
      "nu": 3.392513886036526,
      "D_infrastructure": 2.645084514465069,
      "D_regulatory": 0.04896896317074402,
      "S_gdelt_normalized": -0.011227219490765597,
      "S_reg_decomposed": 0.24051900846654906,
      "S_infra_decomposed": 0.21152127523684305
    },
    "leverage_effect": -0.06084054760127021
  }
}