{
  "GARCH(1,1)": {
    "AIC": 13324.298127829534,
    "BIC": 13353.28458419727,
    "parameters": {
      "mu": -0.04226372600170588,
      "omega": 1.9147252750584873,
      "alpha[1]": 0.23842094112585344,
      "beta[1]": 0.7615790588741466,
      "nu": 2.777990668778757
    },
    "leverage_effect": null
  },
  "TARCH(1,1)": {
    "AIC": 13325.111533653711,
    "BIC": 13359.895281294996,
    "parameters": {
      "mu": -0.03056801915892242,
      "omega": 1.8757853209120736,
      "alpha[1]": 0.2622701144129469,
      "gamma[1]": -0.05562647786034055,
      "beta[1]": 0.7655431245172234,
      "nu": 2.777171460779902
    },
    "leverage_effect": -0.05562647786034055
  },
  "TARCH-X": {
    "AIC": 13322.749769924614,
    "BIC": 13380.722682660089,
    "parameters": {
      "omega": 1.9049192274231121,
      "alpha": 0.2762131965850731,
      "gamma": -0.07956522267780086,
      "beta": 0.7632157062913616,
      "nu": 2.742200112112828,
      "D_infrastructure": 2.535660470840945,
      "D_regulatory": 1.4708268672341616,
      "S_gdelt_normalized": -0.16413006930161886,
      "S_reg_decomposed": -2.539472594065956,
      "S_infra_decomposed": 2.603476834529788
    },
    "leverage_effect": -0.07956522267780086
  }
}