{
  "GARCH(1,1)": {
    "AIC": 14091.196979469387,
    "BIC": 14120.183435837123,
    "parameters": {
      "mu": -0.03712826218717638,
      "omega": 2.200269168967479,
      "alpha[1]": 0.18320063590661598,
      "beta[1]": 0.7561537688780201,
      "nu": 3.860703858162314
    },
    "leverage_effect": null
  },
  "TARCH(1,1)": {
    "AIC": 14093.131066139911,
    "BIC": 14127.914813781195,
    "parameters": {
      "mu": -0.033989988615980994,
      "omega": 2.1836793571628026,
      "alpha[1]": 0.18630281288526243,
      "gamma[1]": -0.010422009912349421,
      "beta[1]": 0.7581084106026702,
      "nu": 3.8625445534630827
    },
    "leverage_effect": -0.010422009912349421
  },
  "TARCH-X": {
    "AIC": 14092.420949104011,
    "BIC": 14150.393861839486,
    "parameters": {
      "omega": 2.02119604639915,
      "alpha": 0.17435928927522076,
      "gamma": -0.033067237522443206,
      "beta": 0.77233458959994,
      "nu": 3.966896430177109,
      "D_infrastructure": 3.370851161641288,
      "D_regulatory": -0.00016493820697857919,
      "S_gdelt_normalized": -0.39096277451983236,
      "S_reg_decomposed": -0.25760453362743657,
      "S_infra_decomposed": 2.0232830620166617
    },
    "leverage_effect": -0.033067237522443206
  }
}