{
  "GARCH(1,1)": {
    "AIC": 13324.298127829534,
    "BIC": 13353.28458419727,
    "parameters": {
      "mu": -0.04226372600170588,
      "omega": 1.9147252750584873,
      "alpha[1]": 0.23842094112585344,
      "beta[1]": 0.7615790588741466,
      "nu": 2.777990668778757
    },
    "leverage_effect": null
  },
  "TARCH(1,1)": {
    "AIC": 13325.111533653711,
    "BIC": 13359.895281294996,
    "parameters": {
      "mu": -0.03056801915892242,
      "omega": 1.8757853209120736,
      "alpha[1]": 0.2622701144129469,
      "gamma[1]": -0.05562647786034055,
      "beta[1]": 0.7655431245172234,
      "nu": 2.777171460779902
    },
    "leverage_effect": -0.05562647786034055
  },
  "TARCH-X": {
    "AIC": 13324.297239985146,
    "BIC": 13382.27015272062,
    "parameters": {
      "omega": 1.8396339008585632,
      "alpha": 0.2243951349045445,
      "gamma": -0.026571158371834935,
      "beta": 0.7613192859095381,
      "nu": 2.8462315349034286,
      "D_infrastructure": 2.519016271604835,
      "D_regulatory": 1.4326476209607124,
      "S_gdelt_normalized": -0.1487437261693906,
      "S_reg_decomposed": -2.3909271751558663,
      "S_infra_decomposed": 2.397631017344974
    },
    "leverage_effect": -0.026571158371834935
  }
}