,n,mean,median,std
Infrastructure,6,2.385142156126078,2.6665475021110048,0.7819123963202741
Regulatory,6,0.4187850433913491,0.2380066137496467,0.48898577252439146
